reclat,reclon
42.9549000,-78.8222000
42.9549000,-78.8222000
